Username,Email
sanchezisaiah,tammy31@example.net
jessicaunderwood,taylormelody@example.org
stephaniewilliams,archersarah@example.org
olsonlacey,rthompson@example.net
matthewadams,denise31@example.com
mooreelizabeth,montgomerydavid@example.org
haynesshane,wendy84@example.org
ojones,mcdonaldsusan@example.net
ashley06,vthomas@example.com
kathrynsmith,watkinsjames@example.net
reidmichelle,ipatton@example.net
aaron75,gabriella74@example.net
stephanie35,kimberly70@example.net
rbarker,nrojas@example.com
walkergeorge,harveyshane@example.com
beverlymedina,yvargas@example.org
mahoneybrittany,abigail12@example.org
russellclifford,hailey29@example.org
twilliams,kyledaniels@example.net
martinmorgan,mlang@example.org
smithcaitlin,seth68@example.com
knighthannah,baileyeric@example.org
garyleon,hwright@example.org
nathanielgalvan,james06@example.net
newtonmichael,tiffanyyoung@example.com
adamnielsen,jennifer08@example.com
erica00,david86@example.net
laura37,phudson@example.org
brownzachary,matthew25@example.com
eric38,alyssagay@example.net
haleydonald,gbennett@example.com
ojackson,lmartin@example.net
larrybecker,vincentbrown@example.com
bobbylogan,martinezscott@example.com
gwhite,erica51@example.com
sosajuan,maria03@example.com
carolineross,kevinroberson@example.com
wellsmicheal,desiree69@example.org
ingramcorey,cunninghamsharon@example.net
colleenadkins,jsmith@example.net
ascott,qclements@example.com
csanchez,emontes@example.com
carl24,bmurphy@example.com
danielhartman,pduncan@example.org
jeffreymiller,michelleblanchard@example.org
johngross,mccarthyrobert@example.net
thomas45,fhines@example.net
erikamorse,igiles@example.org
kevinjohnson,billytaylor@example.com
katieunderwood,adrienne53@example.com
ksmith,mccannamy@example.com
kstephens,lisa46@example.net
johnsonmatthew,sara30@example.org
angela04,joshua46@example.org
mmatthews,jroberts@example.net
nmartin,yharris@example.com
mtorres,kelly55@example.org
watkinsana,darrell21@example.org
charles63,ylee@example.com
crossbrittany,christinahanson@example.org
douglas39,ronald32@example.org
sarahfuentes,kristen34@example.com
fisherjoshua,bellsarah@example.com
lindamartinez,yshannon@example.net
kylehines,greenann@example.net
amorton,evelyn89@example.org
landrews,leegregory@example.net
idelgado,shermanangela@example.net
erica58,jamesmcintosh@example.org
bowerspaula,danielmontgomery@example.com
jtaylor,scottmcdonald@example.com
uroberts,deborahsmith@example.net
hwilliams,zmathews@example.com
gmartin,slopez@example.com
stevencampbell,dmiller@example.net
deborahhuang,caseymark@example.com
heathercampbell,hhoward@example.net
bmendoza,vaughankristen@example.com
wheelerjacqueline,devonruiz@example.com
cschneider,johnsonwilliam@example.net
dustin15,morganheather@example.com
haynesgary,timwood@example.net
patrick66,smithnatalie@example.com
gutierrezduane,seanmills@example.com
andrewsolis,amanda75@example.com
rileyjacob,allenchristopher@example.com
jessica39,jennifersmith@example.net
elizabethlee,katherineburns@example.com
crichardson,gregory80@example.net
mwest,wardsharon@example.com
stanley80,cfaulkner@example.org
jessica79,traciehenderson@example.org
patrickdavis,nicholasmurphy@example.org
cindy17,thomaslittle@example.org
ymendez,sandranunez@example.org
mcfarlandkristin,simmonsjessica@example.org
ydavis,calebbonilla@example.net
henry13,potterjonathan@example.org
rmay,jasonjohnson@example.com
ubuckley,pjones@example.com
